{
  "2412.09925v2": 1,
  "2309.08593v1": 2,
  "2103.15679v1": 3,
  "2112.14000v1": 4,
  "2209.15176v1": 5,
  "2108.01778v1": 6,
  "2201.13027v2": 7,
  "2210.01989v3": 8,
  "2303.01542v1": 9,
  "2410.02703v2": 10,
  "2402.04347v1": 11,
  "2503.14615v2": 12,
  "2106.05786v1": 13,
  "2406.00427v1": 14,
  "2410.15578v1": 15,
  "2204.04477v1": 16,
  "2311.04329v2": 44,
  "2108.07789v2": 17,
  "2401.14040v3": 18,
  "2408.16749v1": 19,
  "2405.12990v1": 20,
  "2411.05050v1": 21,
  "2412.07797v1": 22,
  "2303.17728v2": 23,
  "2507.08013v2": 24,
  "1909.02209v3": 25,
  "1606.04164v1": 70,
  "2104.08145v2": 26,
  "2410.24159v2": 27,
  "2510.08404v1": 28,
  "2501.06658v1": 29,
  "2312.05603v2": 30,
  "2305.13782v1": 45,
  "2306.07377v1": 31,
  "2202.03371v1": 32,
  "2305.06530v1": 33,
  "2408.10441v1": 34,
  "2404.09579v1": 35,
  "2405.18774v1": 36,
  "2506.09643v1": 37,
  "2205.07634v1": 38,
  "2408.15040v2": 39,
  "2303.00077v1": 40,
  "2305.13267v1": 41,
  "2104.10441v1": 42,
  "2501.09653v1": 43,
  "2509.16442v1": 46,
  "2406.13249v2": 47,
  "2202.01110v2": 48,
  "2407.03955v1": 49,
  "2406.03790v2": 50,
  "2405.13002v1": 51,
  "2506.00054v1": 52,
  "2506.20051v1": 53,
  "2312.05708v1": 54,
  "2502.20245v1": 55,
  "1606.02012v1": 61,
  "2305.17331v1": 56,
  "2505.13129v1": 57,
  "2406.02266v1": 58,
  "2408.00555v1": 59,
  "2510.15722v1": 60,
  "1706.03872v1": 62,
  "1610.05243v1": 63,
  "1509.08644v1": 64,
  "1702.03525v2": 65,
  "2104.03543v3": 66,
  "1409.1257v2": 67,
  "1709.07809v1": 68,
  "2007.16011v1": 69,
  "2010.05193v1": 71,
  "2206.10919v1": 72,
  "1912.02047v2": 73,
  "2107.03625v2": 74,
  "2004.10361v2": 75,
  "2410.15512v2": 76,
  "1309.1125v1": 77,
  "2311.17502v1": 78,
  "2205.12665v4": 79,
  "2108.12898v1": 80,
  "1810.04000v1": 81,
  "2002.09919v2": 82,
  "2204.00879v1": 83,
  "2209.11396v1": 84,
  "2007.04526v1": 85,
  "2005.02557v2": 86,
  "2006.15599v1": 87,
  "0805.2590v2": 88,
  "1911.04065v2": 89,
  "2105.08956v1": 90,
  "2507.01376v1": 91,
  "2502.18359v1": 92,
  "2506.01463v1": 93,
  "2509.20731v1": 94,
  "2403.15137v1": 95,
  "2505.10468v5": 96,
  "2502.08864v1": 97,
  "2406.00477v1": 98,
  "2504.18875v1": 99,
  "2412.05450v1": 100,
  "2405.06643v2": 101,
  "2506.04133v4": 102,
  "2212.13371v1": 103,
  "2410.15650v1": 104,
  "2301.02330v1": 105
}